<web-app xmlns="http://java.sun.com/xml/ns/j2ee" version="2.4"
>

    <welcome-file-list>
        <welcome-file>index.jsp</welcome-file>
    </welcome-file-list>

    <servlet>
        <servlet-name>registrar</servlet-name>
        <servlet-class>edu.drexel.cs461.examples.RegistrarServlet</servlet-class>
    </servlet>

    <servlet-mapping>
        <servlet-name>registrar</servlet-name>
        <url-pattern>/registrar</url-pattern>
    </servlet-mapping>

    <!--<servlet>-->
    <!--<servlet-name>hello</servlet-name>-->
    <!--<servlet-class>test.HelloServlet</servlet-class>-->
    <!--</servlet>-->

    <!--<servlet-mapping>-->
    <!--<servlet-name>hello</servlet-name>-->
    <!--<url-pattern>/hello</url-pattern>-->
    <!--</servlet-mapping>-->

    <servlet>
        <servlet-name>neighborhood</servlet-name>
        <servlet-class>project.controller.NeighborhoodServlet</servlet-class>
    </servlet>

    <servlet-mapping>
        <servlet-name>neighborhood</servlet-name>
        <url-pattern>/neighborhood</url-pattern>
    </servlet-mapping>
</web-app>
